<Opts><_PERMID_>0</_PERMID_>
<_MOD_>2020-11-05</_MOD_>
<O_UNITS_SG>4</O_UNITS_SG>
<O_UNITS_TEMP>1</O_UNITS_TEMP>
<O_UNITS_WEIGHT>7</O_UNITS_WEIGHT>
<O_UNITS_VOLUME>16</O_UNITS_VOLUME>
<O_UNITS_MASH_VOL>16</O_UNITS_MASH_VOL>
<O_GRAIN_VOL>0.6520000</O_GRAIN_VOL>
<O_MALT_SPECIFIC_HEAT>0.3800000</O_MALT_SPECIFIC_HEAT>
<O_UNITS_PRESSURE>5</O_UNITS_PRESSURE>
<O_UNITS_SMALL_WEIGHT>10</O_UNITS_SMALL_WEIGHT>
<O_PREVIEW_STATE>2</O_PREVIEW_STATE>
<O_NUM_BACKUPS>5</O_NUM_BACKUPS>
<O_PREVIEW_BOTTOM_POSITION>597</O_PREVIEW_BOTTOM_POSITION>
<O_PREVIEW_RIGHT_POSITION>411</O_PREVIEW_RIGHT_POSITION>
<O_UNITS_COLOR>30</O_UNITS_COLOR>
<O_UNITS_REFRACTOMETER>31</O_UNITS_REFRACTOMETER>
<O_REF_BRIX_ZERO>0.0000000</O_REF_BRIX_ZERO>
<O_REF_BRIX_CORRECTION>1.0254443</O_REF_BRIX_CORRECTION>
<O_UNITS_YEAST_VOL>15</O_UNITS_YEAST_VOL>
<O_UNITS_WATER_GRAIN_PRECISION>3</O_UNITS_WATER_GRAIN_PRECISION>
<O_STEEP_EFFICIENCY>15.0000000</O_STEEP_EFFICIENCY>
<O_MASH_FG_ADJ_TEMP>153.5000000</O_MASH_FG_ADJ_TEMP>
<O_MASH_FG_ADJ_SLOPE>-1.2500000</O_MASH_FG_ADJ_SLOPE>
<O_HOP_FIRST_WORT_ADJ>10.0000000</O_HOP_FIRST_WORT_ADJ>
<O_HOP_MASH_ADJ>-80.0000000</O_HOP_MASH_ADJ>
<O_HOP_LEAF_ADJ>0.0000000</O_HOP_LEAF_ADJ>
<O_HOP_PLUG_ADJ>2.0000000</O_HOP_PLUG_ADJ>
<O_HOP_TYPE_ADJ>1</O_HOP_TYPE_ADJ>
<O_HOP_EQUATION>0</O_HOP_EQUATION>
<O_STYLE_GUIDE>BJCP 2008,Tillegg</O_STYLE_GUIDE>
<O_VIEW_DB>1</O_VIEW_DB>
<O_VIEW_TOOL>1</O_VIEW_TOOL>
<O_VIEW_ITEM>2</O_VIEW_ITEM>
<O_VIEW_RECIPE>1</O_VIEW_RECIPE>
<O_HOPS_INC>0.0088185</O_HOPS_INC>
<O_GRAIN_INC>8.8181795</O_GRAIN_INC>
<O_MISC_INC>1.0000000</O_MISC_INC>
<O_WATER_INC>8.4532008</O_WATER_INC>
<O_YEAST_INC>0.9999641</O_YEAST_INC>
<O_FRAME_X>-8</O_FRAME_X>
<O_FRAME_Y>-8</O_FRAME_Y>
<O_FRAME_WIDTH>1936</O_FRAME_WIDTH>
<O_FRAME_HEIGHT>1056</O_FRAME_HEIGHT>
<O_FRAME_MAXIMIZED>1</O_FRAME_MAXIMIZED>
<O_VIEW_FOLDER>0</O_VIEW_FOLDER>
<O_CONVERT_MASHABLES>1</O_CONVERT_MASHABLES>
<O_ADV_GRAIN_ABSORB>0.9600000</O_ADV_GRAIN_ABSORB>
<O_RIBBON_HOME_NEW_TAB>1</O_RIBBON_HOME_NEW_TAB>
<O_NOTE_COLOR_CAL>16777105</O_NOTE_COLOR_CAL>
<O_NOTE_TCOLOR_CAL>0</O_NOTE_TCOLOR_CAL>
<O_RECIPE_COLOR_CAL>5579264</O_RECIPE_COLOR_CAL>
<O_RECIPE_TCOLOR_CAL>16777215</O_RECIPE_TCOLOR_CAL>
<O_Y_DRY_VIABILITY>90.0000000</O_Y_DRY_VIABILITY>
<O_Y_DRY_AGING>1.6600000</O_Y_DRY_AGING>
<O_Y_LIQUID_VIABILITY>96.0000000</O_Y_LIQUID_VIABILITY>
<O_Y_LIQUID_AGING>21.0000000</O_Y_LIQUID_AGING>
<O_Y_SLURRY_VIABILITY>94.0000000</O_Y_SLURRY_VIABILITY>
<O_Y_SLURRY_AGING>50.0000000</O_Y_SLURRY_AGING>
<O_Y_GROWTH_STARTER>3.0000000</O_Y_GROWTH_STARTER>
<O_Y_LAGER_PITCH>1.5000000</O_Y_LAGER_PITCH>
<O_Y_MIX_PITCH>1.0000000</O_Y_MIX_PITCH>
<O_Y_ALE_PITCH>0.7500000</O_Y_ALE_PITCH>
<O_Y_SLURRY_CONC>2.4000000</O_Y_SLURRY_CONC>
<O_Y_SLURRY_NON_YEAST>15.0000000</O_Y_SLURRY_NON_YEAST>
<O_Y_STIR_PLATE_FACTOR>2.6600000</O_Y_STIR_PLATE_FACTOR>
<O_Y_DRY_CELLS_PER_GRAM>18.0000000</O_Y_DRY_CELLS_PER_GRAM>
<O_Y_DRY_HYDRATE>25.0000000</O_Y_DRY_HYDRATE>
<O_UNITS_WATER_ADDITIONS>10</O_UNITS_WATER_ADDITIONS>
<O_HOP_PELLET_ADJ>10.0000000</O_HOP_PELLET_ADJ>
<O_BREW_LOG_NAME>Bryggelogg</O_BREW_LOG_NAME>
<O_UNITS_SHOW_LBS_OZ>0</O_UNITS_SHOW_LBS_OZ>
<O_U_VOLUME_PREC>2</O_U_VOLUME_PREC>
<O_U_WEIGHT_PREC>3</O_U_WEIGHT_PREC>
<O_U_SMALL_WEIGHT_PREC>2</O_U_SMALL_WEIGHT_PREC>
<O_U_YEAST_VOL_PREC>2</O_U_YEAST_VOL_PREC>
<O_U_MASH_VOL_PREC>2</O_U_MASH_VOL_PREC>
<O_U_TEMP_PREC>1</O_U_TEMP_PREC>
<O_U_PRESSURE_PREC>2</O_U_PRESSURE_PREC>
<O_U_SG_PREC>1</O_U_SG_PREC>
<O_U_COLOR_PREC>1</O_U_COLOR_PREC>
<O_U_REFRACTOMETER_PREC>2</O_U_REFRACTOMETER_PREC>
<O_ADDRESS></O_ADDRESS>
<O_CLUB>&Oslash;l-laben p&aring; Ganddal</O_CLUB>
<O_EMAIL></O_EMAIL>
<O_PHONE></O_PHONE>
<O_REF_WORT>10.0000000</O_REF_WORT>
<O_REF_HYDRO>1.0390000</O_REF_HYDRO>
<O_COLOR_SCHEME>4</O_COLOR_SCHEME>
<O_PROMPT_BEFORE_CLOSE>0</O_PROMPT_BEFORE_CLOSE>
<O_REG_KEY></O_REG_KEY>
<O_INSTALL_DATE>2019-10-15</O_INSTALL_DATE>
<O_LAST_RUN>2020-11-05</O_LAST_RUN>
<O_UNITS_REF>1</O_UNITS_REF>
<O_INST_POS>3264</O_INST_POS>
<O_ADV_BIAB_ABSORB>0.5860000</O_ADV_BIAB_ABSORB>
<O_AUTOSAVE>1</O_AUTOSAVE>
<O_AUTOSAVE_TIME>8</O_AUTOSAVE_TIME>
<O_MASH_FG_ADJUST>1</O_MASH_FG_ADJUST>
<O_LAST_DIR>C:\Users\Gunnar K. Halvorsen\Downloads</O_LAST_DIR>
<O_CONFIRM_DELETE>0</O_CONFIRM_DELETE>
<O_IMPORT_BS1>1</O_IMPORT_BS1>
<O_SHOW_SIDEBAR>1</O_SHOW_SIDEBAR>
<O_CONVERT_EXTRACT_MALT>Pale Liquid Extract</O_CONVERT_EXTRACT_MALT>
<O_CONVERT_ALL_GRAIN_MALT>Pale Malt (2 Row) US</O_CONVERT_ALL_GRAIN_MALT>
<O_SHOW_INTRO>1</O_SHOW_INTRO>
<O_BS1_COMPAT>0</O_BS1_COMPAT>
<O_CURRENCY>kr</O_CURRENCY>
<O_DECIMAL>1</O_DECIMAL>
<O_CUR_PRECEDES>1</O_CUR_PRECEDES>
<O_CURRENCY_SET>1</O_CURRENCY_SET>
<O_SIDEBAR_SIZE>103</O_SIDEBAR_SIZE>
<O_FILTER_HOPS>0</O_FILTER_HOPS>
<O_FILTER_GRAIN>0</O_FILTER_GRAIN>
<O_FILTER_MISC>0</O_FILTER_MISC>
<O_FILTER_YEAST>0</O_FILTER_YEAST>
<O_SIDEBAR_HEIGHT>465</O_SIDEBAR_HEIGHT>
<O_REBALANCE_SCALE>1</O_REBALANCE_SCALE>
<O_CAL_FOLDER>1</O_CAL_FOLDER>
<O_CAL_HIDE_NOT_BREWER>0</O_CAL_HIDE_NOT_BREWER>
<O_CHOOSE_SIZE_X>754</O_CHOOSE_SIZE_X>
<O_CHOOSE_SIZE_Y>549</O_CHOOSE_SIZE_Y>
<O_EMAIL_LIST>0</O_EMAIL_LIST>
<O_POP_CHECKBOX>1</O_POP_CHECKBOX>
<O_POP_LIST>1</O_POP_LIST>
<O_POP_DATE>0</O_POP_DATE>
<O_POP_TEXT>1</O_POP_TEXT>
<O_POP_COMBO>1</O_POP_COMBO>
<O_UNITS_STARTER_VOL>16</O_UNITS_STARTER_VOL>
<O_U_STARTER_PREC>2</O_U_STARTER_PREC>
<O_U_HOP_DEF>1.0000000</O_U_HOP_DEF>
<O_U_GRAIN_DEF>1.0000000</O_U_GRAIN_DEF>
<O_HOPS_HG>1</O_HOPS_HG>
<O_CONFIRM_VERSION_CHANGE>1</O_CONFIRM_VERSION_CHANGE>
<O_SMALL_RIBBON>0</O_SMALL_RIBBON>
<O_UNITS_HOP_PRICE>42</O_UNITS_HOP_PRICE>
<O_SHOW_MENU>1</O_SHOW_MENU>
<O_CLOUD_UNAME>bnr</O_CLOUD_UNAME>
<O_CLOUD_PASS>qwertyqwe</O_CLOUD_PASS>
<O_CLOUD_REFRESH_TIME>12</O_CLOUD_REFRESH_TIME>
<O_CLOUD_PROXY></O_CLOUD_PROXY>
<O_PREVIEW_NONE>0</O_PREVIEW_NONE>
<O_TABBED_RIBBON>1</O_TABBED_RIBBON>
<O_CLOUD_PROXY_PASS></O_CLOUD_PROXY_PASS>
<O_CLOUD_PROXY_USER></O_CLOUD_PROXY_USER>
<O_WHIRLPOOL_UTIL>50.0000000</O_WHIRLPOOL_UTIL>
<O_ARCHIVE_BASELINE>1</O_ARCHIVE_BASELINE>
<O_ARCHIVE_EDITS>1</O_ARCHIVE_EDITS>
<O__ARCHIVE_DELETES>1</O__ARCHIVE_DELETES>
<O_ARCHIVE_MOVES>1</O_ARCHIVE_MOVES>
<O_ARCHIVE_MONTHS>2</O_ARCHIVE_MONTHS>
<O_ARCHIVE_ADDS>1</O_ARCHIVE_ADDS>
<O_ARCHIVE_DELETES>1</O_ARCHIVE_DELETES>
<O_DATE_FMT>0</O_DATE_FMT>
<O_SIMPLE_EDIT>1</O_SIMPLE_EDIT>
<O_CLOSE_TABS>1</O_CLOSE_TABS>
<O_CURR_PREC>2</O_CURR_PREC>
<O_CHECK_UPDATES>1</O_CHECK_UPDATES>
<O_PRINT_SCALE>100</O_PRINT_SCALE>
<O_PRINT_TO_BROWSER>0</O_PRINT_TO_BROWSER>
<O_ADV_STEEP_WATER_GRAIN>4.0000000</O_ADV_STEEP_WATER_GRAIN>
<O_Y_GOFERM>0.0500000</O_Y_GOFERM>
<O_UNITS_LENGTH>46</O_UNITS_LENGTH>
<O_U_LENGTH_PREC>0</O_U_LENGTH_PREC>
<O_NEW_GLASSES>1</O_NEW_GLASSES>
<O_VIEW_BOOKMARKS>1</O_VIEW_BOOKMARKS>
<O_IMPORT_BS2>1</O_IMPORT_BS2>
<O_NEWS_ID>0</O_NEWS_ID>
<O_ACT_ID>GEEB5F</O_ACT_ID>
<O_ACT_UID>50973</O_ACT_UID>
<O_ACT_UNAME>bnr</O_ACT_UNAME>
<O_CHECK>914759</O_CHECK>
<O_EXPIRE>2043-12-15</O_EXPIRE>
<O_ACT_AUTORENEW>0</O_ACT_AUTORENEW>
<O_SHOW_WELCOME>0</O_SHOW_WELCOME>
<O_ACT_COMMERCIAL>0</O_ACT_COMMERCIAL>
<O_SERIAL_NO>CAG78D</O_SERIAL_NO>
<O_ASK_NEW_DOC_DIR>1</O_ASK_NEW_DOC_DIR>
<O_SHOW_MENU_ICONS>1</O_SHOW_MENU_ICONS>
<O_SHOW_INDICATORS>1</O_SHOW_INDICATORS>
<O_LANG_NAME></O_LANG_NAME>
</Opts>
